input_title,input_year,tmdb_resolved,tmdb_id
28 Years Later: The Bone Temple,2026-01-14,yes,1272837
"Good Luck, Have Fun, Don't Die",2026-02-13,yes,1119449
Last edit: 05/13/,2026,no,
Mercy,2026-01-20,yes,1236153
Send Help,2026-01-22,yes,1198994
28 Years Later,2025-06-18,yes,1100988
A Working Man,2025-03-26,yes,1197306
Arco,2025-10-22,yes,804370
Ballerina,2025-06-04,yes,541671
Black Phone 2,2025-10-15,yes,1197137
Bring Her Back,2025-05-28,yes,1151031
Captain America: Brave New World,2025-02-12,yes,822119
Caught Stealing,2025-08-26,yes,1245993
Companion,2025-01-22,yes,1084199
Den of Thieves 2: Pantera,2025-01-08,yes,604685
Dog 51,2025-10-15,yes,1266798
Downton Abbey: The Grand Finale,2025-09-10,yes,1289936
Drop,2025-04-10,yes,1249213
Eddington,2025-07-16,yes,648878
Elio,2025-06-18,yes,1022787
Final Destination Bloodlines,2025-05-14,yes,574475
Five Nights at Freddy's 2,2025-12-03,yes,1228246
Good Boy,2025-10-01,yes,1422096
Good Fortune,2025-10-14,yes,1114967
HIM,2025-09-18,yes,986097
Hamnet,2025-11-26,yes,858024
Highest 2 Lowest,2025-08-14,yes,1242434
How to Train Your Dragon,2025-06-06,yes,1087192
Is This Thing On?,2025-12-19,yes,1140498
Jurassic World Rebirth,2025-07-01,yes,1234821
Kaamelott: The Second Chapter (Part I),2025-10-22,yes,1076897
LIST UPDATED: March 17th,2025,no,
Lilo & Stitch,2025-05-17,yes,552524
Love Hurts,2025-02-06,yes,1226406
M3GAN 2.0,2025-06-25,yes,1071585
Marty Supreme,2025-12-19,yes,1317288
Mickey 17,2025-02-28,yes,696506
Mission: Impossible - The Final Reckoning,2025-05-17,yes,575265
Nobody 2,2025-08-13,yes,1007734
Novocaine,2025-03-12,yes,1195506
Now You See Me: Now You Don't,2025-11-12,yes,425274
Nuremberg,2025-11-06,yes,1214931
Predator: Badlands,2025-11-05,yes,1242898
Refreshed: 2/24/,2025,no,
Roofman,2025-10-08,yes,1242419
Sinners,2025-04-16,yes,1233413
Snow White,2025-03-19,yes,447273
Springsteen: Deliver Me from Nowhere,2025-10-22,yes,1230368
Star Trek: Section 31,2025-01-15,yes,1114894
TRON: Ares,2025-10-08,yes,533533
The Amateur,2025-04-09,yes,1087891
The Bad Guys 2,2025-07-24,yes,1175942
The Fantastic 4: First Steps,2025-07-23,yes,617126
The Housemaid,2025-12-18,yes,1368166
The Long Walk,2025-09-10,yes,604079
The Naked Gun,2025-07-30,yes,1035259
The Phoenician Scheme,2025-05-23,yes,1137350
The Shrouds,2025-04-03,yes,970947
The Smashing Machine,2025-10-01,yes,760329
Thunderbolts*,2025-04-30,yes,986056
Warfare,2025-04-09,yes,1241436
Wicked: For Good,2025-11-19,yes,967941
Zootopia 2,2025-11-26,yes,1084242
11 Rebels,2024-11-01,yes,1310682
A Complete Unknown,2024-12-25,yes,661539
A Quiet Place: Day One,2024-06-26,yes,762441
Alien: Romulus,2024-08-13,yes,945961
Arthur the King,2024-02-22,yes,618588
Babygirl,2024-12-25,yes,1097549
Back to Black,2024-04-11,yes,998846
Beating Hearts,2024-10-16,yes,959604
Better Man,2024-12-06,yes,799766
Bob Marley: One Love,2024-02-14,yes,802219
Borderlands,2024-08-07,yes,365177
Civil War,2024-04-10,yes,929590
Deadpool & Wolverine,2024-07-24,yes,533535
Despicable Me 4,2024-06-20,yes,519182
Emilia Pérez,2024-08-21,yes,974950
Exhuma,2024-02-22,yes,838209
Ghostbusters: Frozen Empire,2024-03-20,yes,967847
Gladiator II,2024-11-13,yes,558449
Godzilla x Kong: The New Empire,2024-03-27,yes,823464
Heretic,2024-10-31,yes,1138194
IF,2024-05-08,yes,639720
Imaginary,2024-03-06,yes,1125311
Inside Out 2,2024-06-11,yes,1022789
Joker: Folie à Deux,2024-10-01,yes,889737
Kingdom of the Planet of the Apes,2024-05-08,yes,653346
Kraven the Hunter,2024-12-11,yes,539972
Kung Fu Panda 4,2024-03-02,yes,1011985
Love Lies Bleeding,2024-03-07,yes,948549
MaXXXine,2024-07-04,yes,1023922
Madame Web,2024-02-14,yes,634492
Moana 2,2024-11-21,yes,1241982
Mufasa: The Lion King,2024-12-18,yes,762509
Ng poon,2024,no,
Nosferatu,2024-12-25,yes,426063
Paddington in Peru,2024-11-08,yes,516729
Red One,2024-10-31,yes,845781
Smile 2,2024-10-16,yes,1100782
Sonic the Hedgehog 3,2024-12-19,yes,939243
Speak No Evil,2024-09-11,yes,1114513
Terrifier 3,2024-10-09,yes,1034541
The Beekeeper,2024-01-08,yes,866398
The Count of Monte Cristo,2024-06-28,yes,1084736
The Fall Guy,2024-04-24,yes,746036
The Killer's Game,2024-09-12,yes,507241
The Prosecutor,2024-12-08,yes,1128650
The Strangers: Chapter 1,2024-05-15,yes,1010600
The Substance,2024-09-07,yes,933260
The Wild Robot,2024-09-12,yes,1184918
Transformers One,2024-09-11,yes,698687
Twilight of the Warriors: Walled In,2024-05-01,yes,923667
Twisters,2024-07-10,yes,718821
We The Surfers,2024-08-29,yes,1430855
Wicked,2024-10-16,yes,402431
All of Us Strangers,2023-12-22,yes,994108
Ant-Man and the Wasp: Quantumania,2023-02-15,yes,640146
Asterix & Obelix: The Middle Kingdom,2023-02-01,yes,643215
Barbie,2023-07-19,yes,346698
Batman: The Doom That Came to Gotham,2023-03-10,yes,1003579
Beau Is Afraid,2023-04-14,yes,798286
Blue Beetle,2023-08-16,yes,565770
Cocaine Bear,2023-02-22,yes,804150
Coup de Chance,2023-09-15,yes,859235
Dungeons & Dragons: Honor Among Thieves,2023-03-23,yes,493529
Evil Dead Rise,2023-04-12,yes,713704
Expend4bles,2023-09-15,yes,299054
Fast X,2023-05-17,yes,385687
Ferrari,2023-12-14,yes,365620
God Is a Bullet,2023-06-22,yes,808396
Godzilla Minus One,2023-11-03,yes,940721
Guardians of the Galaxy Vol. 3,2023-05-03,yes,447365
Haunted Mansion,2023-07-26,yes,616747
John Wick: Chapter 4,2023-03-21,yes,603692
Justice League: Warworld,2023-07-25,yes,1003581
Killers of the Flower Moon,2023-10-18,yes,466420
Knock at the Cabin,2023-02-01,yes,631842
Legion of Super-Heroes,2023-02-07,yes,1003580
Longma jingshen,2023,no,
Migration,2023-12-06,yes,940551
Mission: Impossible - Dead Reckoning Part One,2023-07-08,yes,575264
Mr. Monk's Last Case: A Monk Movie,2023-12-08,yes,1100795
Operation Fortune: Ruse de Guerre,2023-01-04,yes,739405
Past Lives,2023-06-02,yes,666277
Perfect Days,2023-11-10,yes,976893
Plane,2023-01-11,yes,646389
Renfield,2023-04-07,yes,649609
Retribution,2023-08-23,yes,762430
Ride On,2023-04-07,yes,931102
Scream VI,2023-03-08,yes,934433
Shin Kamen Rider,2023-03-17,yes,813477
Showing Up,2023-04-07,yes,790416
Silent Night,2023-11-30,yes,891699
Spider-Man: Across the Spider-Verse,2023-05-31,yes,569094
Teenage Mutant Ninja Turtles: Mutant Mayhem,2023-07-31,yes,614930
The Animal Kingdom,2023-10-04,yes,943134
The Boy and the Heron,2023-07-14,yes,508883
The Exorcist: Believer,2023-10-04,yes,807172
The Holdovers,2023-10-27,yes,840430
The Hunger Games: The Ballad of Songbirds & Snakes,2023-11-15,yes,695721
The Iron Claw,2023-12-21,yes,850165
The Kill Room,2023-09-14,yes,958006
The Last Voyage of the Demeter,2023-08-09,yes,635910
The Super Mario Bros. Movie,2023-04-05,yes,502356
The Three Musketeers: D'Artagnan,2023-04-05,yes,796185
The Three Musketeers: Milady,2023-12-13,yes,845111
The Wandering Earth II,2023-01-22,yes,842675
Transformers: Rise of the Beasts,2023-06-06,yes,667538
White Bird,2023-10-25,yes,779816
Ambulance,2022-03-16,yes,763285
Amsterdam,2022-09-27,yes,664469
Arrow Sworn,2022-06-18,yes,990397
Avatar: The Way of Water,2022-12-14,yes,76600
Babylon,2022-12-22,yes,615777
Black Adam,2022-10-19,yes,436270
Bodies Bodies Bodies,2022-08-05,yes,520023
Catwoman: Hunted,2022-02-07,yes,862491
Corrective Measures,2022-04-29,yes,872177
Crimes of the Future,2022-05-25,yes,819876
Don't Worry Darling,2022-09-21,yes,619730
Downton Abbey: A New Era,2022-04-27,yes,820446
Dragon Ball Super: Super Hero,2022-06-11,yes,610150
Everything Everywhere All at Once,2022-03-24,yes,545611
Fantastic Beasts: The Secrets of Dumbledore,2022-04-06,yes,338953
Green Lantern: Beware My Power,2022-07-26,yes,887357
Guillermo del Toro's Pinocchio,2022-11-09,yes,555604
Halloween Ends,2022-10-12,yes,616820
Hellraiser,2022-09-28,yes,338947
Jeepers Creepers: Reborn,2022-09-15,yes,717728
Jurassic World Dominion,2022-06-01,yes,507086
Laid-Back Camp the Movie,2022-07-01,yes,566466
Marcel the Shell with Shoes On,2022-06-24,yes,869626
Men,2022-05-20,yes,780609
Minions: The Rise of Gru,2022-06-29,yes,438148
Moonfall,2022-02-02,yes,406759
Notre-Dame on Fire,2022-03-16,yes,811596
November,2022-10-05,yes,823951
Pearl,2022-09-16,yes,949423
Prey for the Devil,2022-10-23,yes,676547
Puss in Boots: The Last Wish,2022-12-07,yes,315162
Shin Ultraman,2022-05-13,yes,634429
Shotgun Wedding,2022-12-28,yes,758009
Sick,2022-09-11,yes,829410
Sisu,2022-09-09,yes,840326
Smile,2022-09-23,yes,882598
Sonic the Hedgehog 2,2022-03-30,yes,675353
Talk to Me,2022-10-24,yes,1118584
The 355,2022-01-05,yes,522016
The Fabelmans,2022-11-11,yes,804095
The First Slam Dunk,2022-12-03,yes,783675
The Lost City,2022-03-23,yes,752623
The Northman,2022-04-07,yes,639933
The Unbearable Weight of Massive Talent,2022-04-20,yes,648579
The Whale,2022-12-09,yes,785084
Top Gun: Maverick,2022-05-21,yes,361743
Weird: The Al Yankovic Story,2022-09-08,yes,928344
X,2022-03-17,yes,760104
A Quiet Place Part II,2021-05-21,yes,520763
A Writer's Odyssey,2021-02-12,yes,611698
American Underdog,2021-12-25,yes,673309
Barb & Star Go to Vista Del Mar,2021-03-29,yes,595813
Belle,2021-07-16,yes,776305
Boss Level,2021-02-19,yes,513310
Chaos Walking,2021-02-24,yes,412656
Cruella,2021-05-26,yes,337404
Don't Breathe 2,2021-08-12,yes,482373
Escape from Mogadishu,2021-07-28,yes,607844
Eternals,2021-11-03,yes,524434
F9,2021-05-19,yes,385128
Free Guy,2021-08-11,yes,550988
Gunpowder Milkshake,2021-07-14,yes,574060
Halloween Kills,2021-10-14,yes,610253
Hitman's Wife's Bodyguard,2021-06-14,yes,522931
House of Gucci,2021-11-24,yes,644495
Incident 437,2021-04-10,yes,931985
Infinite,2021-09-09,yes,581726
Kaamelott: The First Chapter,2021-07-21,yes,577242
Last Night in Soho,2021-10-21,yes,576845
Luca,2021-06-17,yes,508943
Mortal Kombat,2021-04-07,yes,460465
Nightmare Alley,2021-12-02,yes,597208
No Time to Die,2021-09-29,yes,370172
Nobody,2021-03-18,yes,615457
Old,2021-07-21,yes,631843
Resident Evil: Welcome to Raccoon City,2021-11-24,yes,460458
Ron's Gone Wrong,2021-10-14,yes,482321
Sing 2,2021-12-01,yes,438695
Snake Eyes: G.I. Joe Origins,2021-07-22,yes,568620
The Boss Baby: Family Business,2021-07-01,yes,459151
The Burning Sea,2021-10-29,yes,623511
The Deep House,2021-06-30,yes,672582
"The French Dispatch of the Liberty, Kansas Evening Sun",2021-10-21,yes,542178
The Green Knight,2021-07-29,yes,559907
The Power of the Dog,2021-10-25,yes,600583
The Protégé,2021-08-19,yes,645788
Willy's Wonderland,2021-02-12,yes,643586
Yakuza Princess,2021-08-26,yes,661595
2011,2020-08-20,yes,730339
Antebellum,2020,yes,627290
Bill & Ted Face the Music,2020-08-27,yes,501979
Dolittle,2020,yes,448119
Love and Monsters,2020,yes,590223
Monster Hunter,2020-12-03,yes,458576
Peninsula,2020-07-15,yes,581392
Sonic the Hedgehog,2020,yes,454626
Sun Sep 27,2020,no,
Tenet,2020-08-22,yes,577922
The Croods: A New Age,2020,yes,529203
The Invisible Man,2020,yes,570670
Trolls World Tour,2020,yes,446893
Tue Sep 29,2020,no,
Unhinged,2020,yes,625568
Violet Evergarden: The Movie,2020-09-18,yes,533514
Wed Sep 30,2020,no,
"typo, its",2020,no,
1917,2019,yes,530915
A Shaun the Sheep Movie: Farmageddon,2019,yes,422803
Ad Astra,2019-09-17,yes,419704
Angel Has Fallen,2019,yes,423204
Anna,2019,yes,484641
Brightburn,2019-05-09,yes,531309
Child's Play,2019-06-19,yes,533642
Cold Pursuit,2019,yes,438650
Crawl,2019-07-10,yes,511987
Downton Abbey,2019-09-12,yes,535544
FEL - 6.95 Mbps,2019,no,
Fast & Furious Presents: Hobbs & Shaw,2019,yes,384018
Fast & Furious Presents: Hobbs & Shaw,2019,yes,384018
Ford v Ferrari,2019-11-13,yes,359724
Game of Thrones: The Complete Eighth Season,2019,no,
Glass,2019-01-16,yes,450465
Hellboy III: Rise of the Blood Queen,2019,no,
Ip Man 4: The Finale,2019-12-19,yes,449924
John Wick: Chapter 3 - Parabellum,2019,yes,458156
Knives Out,2019,yes,546554
Maleficent: Mistress of Evil,2019-10-16,yes,420809
Midsommar,2019,yes,530385
Midway,2019,yes,522162
Ne Zha,2019-07-26,yes,615453
Once Upon a Time... in Hollywood,2019-07-24,yes,466272
Parasite,2019,yes,496243
Pokémon Detective Pikachu,2019-05-03,yes,447404
Rambo: Last Blood,2019,yes,522938
Rocketman,2019,yes,504608
Scary Stories to Tell in the Dark,2019,yes,417384
Spies in Disguise,2019-12-04,yes,431693
Terminator: Dark Fate,2019,yes,290859
The Last Black Man in San Francisco,2019-06-07,yes,522039
The Lighthouse,2019-10-18,yes,503919
The Secret Life of Pets 2,2019,yes,412117
The Wandering Earth,2019-02-05,yes,535167
Uncut Gems,2019-08-30,yes,473033
Us,2019,yes,458723
Weathering with You,2019,yes,568160
Yuyeolui eumagaelbeom,2019,no,
A Quiet Place,2018,yes,447332
A Simple Favor,2018,yes,484247
A Wrinkle in Time,2018-03-08,yes,407451
Annihilation,2018,yes,300668
BlacKkKlansman,2018,yes,487558
Black Panther,2018,yes,284054
Bumblebee,2018,yes,424783
Crazy Rich Asians,2018-08-15,yes,455207
Den of Thieves,2018-01-18,yes,449443
Early Man,2018,yes,387592
FEL 12.031 Mbps Higher Power,2018,no,
Fantastic Beasts: The Crimes of Grindelwald,2018-11-14,yes,338952
First Man,2018,yes,369972
Hell Fest,2018,yes,429476
Hereditary,2018,yes,493922
Higher Power,2018,yes,513324
Hunter Killer,2018,yes,399402
Isle of Dogs,2018-03-23,yes,399174
Jurassic World: Fallen Kingdom,2018,yes,351286
Kin,2018,yes,425505
Mamma Mia! Here We Go Again,2018,yes,458423
Mary Queen of Scots,2018,yes,457136
Mission: Impossible - Fallout,2018,yes,353081
Mortal Engines,2018,yes,428078
Overlord,2018,yes,438799
Pacific Rim: Uprising,2018,yes,268896
Robin Hood,2018-11-03,yes,375588
Sicario: Day of the Soldado,2018-06-27,yes,400535
Skyscraper,2018,yes,447200
Solo: A Star Wars Story,2018-05-15,yes,348350
Spider-Man: Into the Spider-Verse,2018-12-06,yes,324857
The Grinch,2018-11-08,yes,360920
The Spy Who Dumped Me,2018,yes,454992
Uncle Drew,2018,yes,474335
Upgrade,2018-05-31,yes,500664
American Assassin,2017,yes,415842
Atomic Blonde,2017,yes,341013
Baywatch,2017-05-25,yes,339846
Cult of Chucky,2017-10-12,yes,393345
Daddy's Home 2,2017,yes,419680
Despicable Me 3,2017,yes,324852
Downsizing,2017,yes,301337
Earth: One Amazing Day,2017,yes,464593
Hans Zimmer: Live in Prague,2017-10-01,yes,435011
Jigsaw,2017,yes,298250
John Wick: Chapter 2,2017-02-08,yes,324552
Jumanji: Welcome to the Jungle,2017-12-09,yes,353486
Kong: Skull Island,2017-03-08,yes,293167
Life,2017-03-22,yes,395992
Okja,2017-06-28,yes,387426
Only the Brave,2017-09-22,yes,395991
Paddington 2,2017-11-09,yes,346648
Power Rangers,2017,yes,305470
Rings,2017-02-01,yes,14564
Spider-Man: Homecoming,2017-07-05,yes,315635
The Fate of the Furious,2017,yes,337339
The Hitman's Bodyguard,2017,yes,390043
The Lost City of Z,2017-03-15,yes,314095
Transformers: The Last Knight,2017,yes,335988
Valerian and the City of a Thousand Planets,2017,yes,339964
Wind River,2017-08-03,yes,395834
Wonder,2017,yes,406997
Wonder Woman,2017-05-30,yes,297762
mother!,2017,yes,381283
10 Cloverfield Lane,2016,yes,333371
13 Hours: The Secret Soldiers of Benghazi,2016,yes,300671
Allegiant,2016-03-09,yes,262504
Arrival,2016-11-10,yes,329865
Captain America: Civil War,2016-04-27,yes,271110
Central Intelligence,2016-06-15,yes,302699
Deepwater Horizon,2016-09-28,yes,296524
Dirty Grandpa,2016,yes,291870
Green Room,2016-04-15,yes,313922
"Hail, Caesar!",2016-02-05,yes,270487
Hell or High Water,2016,yes,338766
Inferno,2016-10-13,yes,207932
Jack Reacher: Never Go Back,2016-10-19,yes,343611
Jason Bourne,2016-07-27,yes,324668
Kingsglaive: Final Fantasy XV,2016-07-09,yes,390734
Kubo and the Two Strings,2016-08-18,yes,313297
Kung Fu Panda 3,2016-01-23,yes,140300
La La Land,2016-12-01,yes,313369
London Has Fallen,2016,yes,267860
Mechanic: Resurrection,2016-08-25,yes,278924
Moana,2016-10-13,yes,277834
Office Christmas Party,2016-11-25,yes,384682
Passengers,2016-12-21,yes,274870
Risen,2016-02-18,yes,335778
Rogue One: A Star Wars Story,2016-12-14,yes,330459
Sausage Party,2016-07-11,yes,223702
Snowden,2016-09-15,yes,302401
The Angry Birds Movie,2016-05-11,yes,153518
The Boy,2016-01-22,yes,321258
The Stranger,2016-09-23,yes,1413713
The Wailing,2016-05-12,yes,293670
Train to Busan,2016-07-20,yes,396535
Ant-Man,2015-07-14,yes,102899
Cinderella,2015-03-06,yes,150689
Creed,2015-11-25,yes,312221
Daddy's Home,2015,yes,274167
Fantastic Four,2015-08-05,yes,166424
Furious 7,2015-04-01,yes,168259
Insurgent,2015-03-18,yes,262500
Ip Man 3,2015-12-24,yes,365222
Jurassic World,2015-06-06,yes,135397
Knock Knock,2015-06-26,yes,263472
Krampus,2015-11-26,yes,287903
Mad Max: Fury Road,2015-05-13,yes,76341
Mission: Impossible - Rogue Nation,2015,yes,177677
Our Little Sister,2015-06-13,yes,315846
San Andreas,2015-05-27,yes,254128
Southpaw,2015-07-22,yes,307081
Spotlight,2015-11-06,yes,314365
Terminator Genisys,2015,yes,87101
The Hunger Games: Mockingjay - Part 2,2015-11-18,yes,131634
The Last Witch Hunter,2015-10-21,yes,274854
The Man from U.N.C.L.E.,2015-08-13,yes,203801
The VVitch,2015,no,
The Witch,2015,yes,526667
Captain America WS,2014,no,
Divergent,2014-03-14,yes,157350
Fury,2014-10-15,yes,228150
Guardians of the Galaxy,2014-07-30,yes,118340
Jack Ryan: Shadow Recruit,2014,yes,137094
John Wick,2014-10-16,yes,245891
Lucy,2014-07-25,yes,240832
Nightcrawler,2014-10-23,yes,242582
Ouija,2014-10-24,yes,242512
Paddington,2014-11-24,yes,116149
Teenage Mutant Ninja Turtles,2014,yes,98566
The Boxtrolls,2014-09-10,yes,170687
The Expendables 3,2014-08-07,yes,138103
The Grand Budapest Hotel,2014-02-26,yes,120467
The Hunger Games: Mockingjay - Part 1,2014-11-19,yes,131631
Transformers: Age of Extinction,2014,yes,91314
2 Guns,2013-08-02,yes,136400
Blue Is the Warmest Color,2013-10-09,yes,152584
Captain Phillips,2013-10-10,yes,109424
Curse of Chucky,2013-10-08,yes,167032
Despicable Me 2,2013,yes,93456
Elysium,2013-08-07,yes,68724
Ender's Game,2013-10-24,yes,80274
Escape Plan,2013,yes,107846
G.I. Joe: Retaliation,2013,yes,72559
Hansel & Gretel: Witch Hunters,2013,yes,60304
Hansel & Gretel: Witch Hunters,2013,yes,60304
Iron Man 3,2013-04-18,yes,68721
Lone Survivor,2013-12-24,yes,193756
Mama,2013-01-17,yes,132232
Man of Steel,2013-06-12,yes,49521
Now You See Me,2013-05-29,yes,75656
Olympus Has Fallen,2013,yes,117263
RED 2,2013,yes,146216
Riddick,2013-09-02,yes,87421
Rush,2013-09-02,yes,96721
Snowpiercer,2013-08-01,yes,110415
The Hunger Games: Catching Fire,2013-11-15,yes,101299
The Place Beyond the Pines,2013-03-20,yes,97367
The Wolf of Wall Street,2013-12-25,yes,106646
Warm Bodies,2013,yes,82654
World War Z,2013-06-19,yes,72190
You're Next,2013-08-22,yes,83899
Cloud Atlas,2012-10-26,yes,83542
Dredd,2012,yes,49049
End of Watch,2012-09-20,yes,77016
Jack Reacher,2012,yes,75780
Les Misérables,2012-12-18,yes,82695
Looper,2012-09-26,yes,59967
Magic Mike,2012-06-28,yes,77930
Man on a Ledge,2012,yes,49527
Men in Black 3,2012-05-23,yes,41154
Moonrise Kingdom,2012-05-16,yes,83666
ParaNorman,2012-08-03,yes,77174
Savages,2012-07-06,yes,82525
Ted,2012-06-29,yes,72105
The Cabin in the Woods,2012,yes,22970
The Expendables 2,2012-08-08,yes,76163
The Hunger Games,2012-03-12,yes,70160
The Twilight Saga: Breaking Dawn - Part 2,2012-11-13,yes,50620
Bridesmaids,2011-05-13,yes,55721
Contagion,2011-09-08,yes,39538
Documenting the Grey Man,2011-01-31,yes,120881
Drive,2011-09-15,yes,64690
Game of Thrones: The Complete First Season,2011,no,
Harry Potter DH Part.2.,2011,no,
Kung Fu Panda 2,2011-05-25,yes,49444
Mission: Impossible - Ghost Protocol,2011,yes,56292
Paul,2011-02-14,yes,39513
Puss in Boots,2011-10-27,yes,417859
Rango,2011-03-02,yes,44896
Sanctum,2011-02-03,yes,48340
Sherlock Holmes.2.GOS,2011,no,
Source Code,2011,yes,45612
Super 8,2011-06-09,yes,37686
The Twilight Saga: Breaking Dawn - Part 1,2011-11-16,yes,50619
Tinker Tailor Soldier Spy,2011-09-16,yes,49517
Transformers: Dark of the Moon,2011,yes,38356
Daybreakers,2010-01-06,yes,19901
Despicable Me,2010,yes,20352
Devil,2010-09-16,yes,44040
Harry Potter DH Part.1.,2010,no,
Ip Man 2,2010-04-29,yes,37472
Iron Man 2,2010-04-28,yes,10138
Kick-Ass,2010,yes,23483
RED,2010,yes,39514
Salt,2010-07-21,yes,27576
Scott Pilgrim vs. the World,2010-08-12,yes,22538
Shutter Island,2010,yes,11324
Skyline,2010-11-11,yes,42684
TRON: Legacy,2010-12-14,yes,20526
The Crazies,2010-02-26,yes,29427
The Expendables,2010-08-07,yes,27578
The Man from Nowhere,2010-08-04,yes,51608
The Twilight Saga: Eclipse,2010-06-23,yes,24021
The Wolfman,2010-02-10,yes,7978
2012,2009-10-10,yes,14161
Angels and Demons,2009-05-15,yes,1221148
Avatar,2009-12-16,yes,19995
Coraline,2009-02-05,yes,14836
Dogtooth,2009-10-22,yes,38810
Drag Me to Hell,2009-05-27,yes,16871
Fantastic Mr. Fox,2009-10-14,yes,10315
G.I. Joe: The Rise of Cobra,2009,yes,14869
Gamer,2009-09-03,yes,18501
Harry Potter HBP,2009,no,
Knowing,2009,yes,13811
Law Abiding Citizen,2009,yes,22803
Push,2009,yes,13455
Sherlock Holmes,2009-12-23,yes,10528
The Twilight Saga: New Moon,2009-11-18,yes,18239
Transformers: Revenge of the Fallen,2009,yes,8373
Watchmen,2009,yes,13183
Cloverfield,2008,yes,7191
Doomsday,2008-03-14,yes,13460
Eden Lake,2008-09-12,yes,13510
In Bruges,2008-02-08,yes,8321
Indiana Jones and the Kingdom of the Crystal Skull,2008-05-21,yes,217
Iron Man,2008,yes,1726
Kung Fu Panda,2008-06-04,yes,9502
Pineapple Express,2008-08-06,yes,10189
Punisher: War Zone,2008,yes,13056
Rambo,2008,yes,7555
The Forbidden Kingdom,2008-04-17,yes,1729
The Hurt Locker,2008-10-10,yes,12162
The Incredible Hulk,2008,yes,1724
The Strangers,2008-05-29,yes,10665
Transporter 3,2008,yes,13387
Tropic Thunder,2008-08-09,yes,7446
Twilight,2008,yes,8966
WALL·E,2008-06-26,yes,10681
Wanted,2008-06-19,yes,8909
Yip Man,2008,no,
1408,2007-06-22,yes,3021
Dead Silence,2007-03-16,yes,14001
Eastern Promises,2007-09-14,yes,2252
Harry Potter OP,2007,no,
Hellboy Animated: Blood and Iron,2007-03-10,yes,13204
Hellboy Animated: Iron Shoes,2007-06-12,yes,154207
No Country for Old Men,2007-11-09,yes,6977
Ocean's Thirteen,2007-06-05,yes,298
Resident Evil: Extinction,2007-09-20,yes,7737
Saw IV,2007-10-25,yes,663
Shooter,2007-03-22,yes,7485
Spider-Man 3,2007-05-01,yes,559
Stardust,2007-08-10,yes,2270
Sweeney Todd: The Demon Barber of Fleet Street,2007-12-21,yes,13885
The Darjeeling Limited,2007-09-07,yes,4538
The Mist,2007-11-21,yes,5876
Transformers,2007,yes,1858
Transofmers,2007,no,
Zodiac,2007-03-02,yes,1949
Crank,2006,yes,1948
Film Bug I,2006-06-07,yes,552414
Home Movies 300-1,2006-06-13,yes,719963
Mission: Impossible III,2006,yes,956
Nacho Libre,2006-06-16,yes,9353
Pan's Labyrinth,2006-10-11,yes,1417
Paprika,2006-10-01,yes,4977
Saw III,2006-10-26,yes,214
The Da Vinci Code,2006-05-17,yes,591
The Girl Who Leapt Through Time,2006-07-15,yes,14069
World Trade Center,2006-08-09,yes,1852
A History of Violence,2005-09-23,yes,59
Brick Vision,2005-06-17,yes,345308
Brokeback Mountain,2005-10-22,yes,142
Cinderella Man,2005-06-02,yes,921
Constantine,2005-02-08,yes,561
Hustle & Flow,2005-07-22,yes,10476
Jarhead,2005-11-04,yes,25
Kingdom of Heaven,2005-05-03,yes,1495
Land of the Dead,2005-06-18,yes,11683
Lord of War,2005,yes,1830
Madagascar,2005-05-25,yes,953
Pride & Prejudice,2005-09-16,yes,4348
Red Eye,2005-08-10,yes,11460
Saw II,2005-10-28,yes,215
The 40 Year Old Virgin,2005-08-11,yes,6957
The Amityville Horror,2005-04-14,yes,10065
The Descent,2005-07-08,yes,9392
The Devil's Rejects,2005-07-22,yes,1696
The Ring Two,2005-03-10,yes,10320
War of the Worlds,2005,yes,74
Æon Flux,2005-11-30,yes,8202
36th Precinct,2004-11-24,yes,7291
Anchorman: The Legend of Ron Burgundy,2004-06-28,yes,8699
Birth,2004-10-29,yes,10740
Collateral,2004,yes,1538
Dawn of the Dead,2004-03-19,yes,924
Eternal Sunshine of the Spotless Mind,2004-03-19,yes,38
Harry Potter POA,2004,no,
Hellboy,2004-04-02,yes,1487
Kill Bill: Vol. 2,2004-04-16,yes,393
MakeMKV shows Collateral,2004,no,
Mean Girls,2004-04-30,yes,10625
Meet the Fockers,2004-12-22,yes,693
Ray,2004-10-29,yes,1677
Resident Evil: Apocalypse,2004-09-10,yes,1577
Saw,2004-10-01,yes,176
Seed of Chucky,2004-11-12,yes,11249
Shaun of the Dead,2004-04-09,yes,747
Shrek 2,2004-05-19,yes,809
Sky Captain and the World of Tomorrow,2004-09-17,yes,5137
Spider-Man 2,2004-06-25,yes,558
Suspect Zero,2004-08-27,yes,8080
Team America: World Police,2004-10-10,yes,3989
The Life Aquatic with Steve Zissou,2004-12-10,yes,421
The Punisher,2004,yes,7220
The SpongeBob SquarePants Movie,2004-11-19,yes,11836
Throw Down,2004-07-08,yes,25664
Walking Tall,2004-04-02,yes,11358
Bad Boys II,2003-07-18,yes,8961
Big Fish,2003-12-10,yes,587
Cabin Fever,2003-08-15,yes,11547
Kill Bill: Vol. 1,2003-10-10,yes,24
Lara Croft: Tomb Raider - The Cradle of Life,2003,yes,1996
Love Actually,2003-09-07,yes,508
Master and Commander: The Far Side of the World,2003-11-14,yes,8619
Pirates of the Caribbean CBP,2003,no,
The Core,2003-03-28,yes,9341
The Hunted,2003-03-11,yes,10632
The Rundown,2003-09-26,yes,10159
Asterix & Obelix: Mission Cleopatra,2002-01-30,yes,2899
Below,2002-08-11,yes,12590
Bubba Ho-tep,2002-06-09,yes,9707
Catch Me If You Can,2002-12-16,yes,640
Changing Lanes,2002-04-07,yes,1537
Cypher,2002-10-01,yes,10133
Frailty,2002-04-12,yes,12149
Halloween: Resurrection,2002-07-01,yes,11442
K-19: The Widowmaker,2002-07-19,yes,8665
Lilo & Stitch,2002-06-21,yes,11544
Men in Black II,2002-07-03,yes,608
Minority Report,2002-06-20,yes,180
National Lampoon's Van Wilder,2002,yes,11452
Punch-Drunk Love,2002-10-11,yes,8051
Red Dragon,2002-10-02,yes,9533
Resident Evil,2002-03-15,yes,1576
Signs,2002-08-02,yes,2675
Spider-Man,2002-05-01,yes,557
Star Trek: Nemesis,2002-12-13,yes,201
Star Wars: Episode II - Attack of the Clones,2002-05-15,yes,1894
The Pianist,2002-09-17,yes,423
The Ring,2002-10-18,yes,565
The Sum of All Fears,2002,yes,4614
Undisputed,2002-07-17,yes,15070
We Were Soldiers,2002-03-01,yes,10590
A Beautiful Mind,2001-12-14,yes,453
Bridget Jones's Diary,2001-04-13,yes,634
Brotherhood of the Wolf,2001-01-31,yes,6312
Donnie Darko,2001-01-19,yes,141
Enemy at the Gates,2001-02-28,yes,853
Hannibal,2001,yes,9740
Harry Potter SS,2001,no,
Jurassic Park III,2001-07-18,yes,331
Lara Croft: Tomb Raider,2001,yes,1995
"Monsters, Inc.",2001-11-01,yes,585
Mulholland Drive,2001-06-06,yes,1018
NASA: A Space Odyssey Vol. 3,2001-01-01,yes,516753
Read My Lips,2001-10-17,yes,6173
The Last Castle,2001-10-19,yes,2100
The Royal Tenenbaums,2001-10-05,yes,9428
The Score,2001-07-13,yes,11371
Vanilla Sky,2001-12-14,yes,1903
Almost Famous,2000-09-15,yes,786
American Psycho,2000,yes,1359
Amores Perros,2000-06-16,yes,55
Bring It On,2000-08-25,yes,1588
But I'm a Cheerleader,2000-07-07,yes,20770
Charlie's Angels,2000-11-02,yes,4327
Erin Brockovich,2000-03-17,yes,462
Gladiator,2000,yes,98
How the Grinch Stole Christmas,2000-11-17,yes,8871
Meet the Parents,2000-10-06,yes,1597
Mission: Impossible II,2000,yes,955
Reindeer Games,2000-02-25,yes,2155
Requiem for a Dream,2000,yes,641
Road Trip,2000-05-19,yes,9285
Rules of Engagement,2000-04-07,yes,10479
Scream 3,2000-02-04,yes,4234
The Crimson Rivers,2000-09-27,yes,60670
The Emperor's New Groove,2000-12-15,yes,11688
The Way of the Gun,2000-09-08,yes,1619
U-571,2000-04-20,yes,3536
What Lies Beneath,2000-07-21,yes,2655
You Can Count on Me,2000-03-03,yes,14295
Bringing Out the Dead,1999-10-22,yes,8649
Double Jeopardy,1999-09-24,yes,10398
Election,1999-04-23,yes,9451
End of Days,1999-11-24,yes,9946
Galaxy Quest,1999-12-25,yes,926
Gamera 3: Revenge of Iris,1999-03-06,yes,60159
Mystery Men,1999-08-06,yes,9824
Sleepy Hollow,1999-11-19,yes,2668
"South Park: Bigger, Longer & Uncut",1999-06-24,yes,9473
Stir of Echoes,1999-09-10,yes,11601
The Bone Collector,1999-11-04,yes,9481
The General's Daughter,1999-06-18,yes,2275
The Haunting,1999-07-23,yes,11618
The Limey,1999,yes,10388
The Ninth Gate,1999-08-25,yes,622
Varsity Blues,1999-01-15,yes,14709
A Bug's Life,1998-11-25,yes,9487
Babe: Pig in the City,1998-11-25,yes,9447
Belly,1998-11-04,yes,12888
"Black Cat, White Cat",1998-06-01,yes,1075
Blade,1998-08-21,yes,36647
Bride of Chucky,1998-10-15,yes,11932
Deep Impact,1998-05-08,yes,8656
Fear and Loathing in Las Vegas,1998-05-22,yes,1878
Halloween H20: 20 Years Later,1998-08-05,yes,11675
Happiness,1998-10-11,yes,10683
Out of Sight,1998-06-26,yes,1389
Phantoms,1998-01-23,yes,9827
Pi,1998-07-10,yes,473
Ronin,1998-09-25,yes,8195
Rushmore,1998-12-11,yes,11545
Saving Private Ryan,1998,yes,857
Small Soldiers,1998-07-10,yes,11551
Snake Eyes,1998-08-07,yes,8688
Species II,1998-04-10,yes,10216
Star Trek: Insurrection,1998-12-11,yes,200
The Faculty,1998-12-25,yes,9276
The Man in the Iron Mask,1998-03-12,yes,9313
The Truman Show,1998-06-04,yes,37165
Vampires,1998-10-30,yes,9945
Anaconda,1997-04-11,yes,9360
Batman & Robin,1997-06-20,yes,415
Breakdown,1997-05-02,yes,2163
Dante's Peak,1997-02-07,yes,9619
Event Horizon,1997-08-15,yes,8413
Face/Off,1997-06-27,yes,754
Gummo,1997-10-17,yes,18415
In & Out,1997-09-10,yes,10806
Jackie Brown,1997-12-25,yes,184
Lost Highway,1997-01-15,yes,638
Mimic,1997-08-22,yes,4961
MouseHunt,1997-12-19,yes,6283
Scream 2,1997-12-12,yes,4233
The Devil's Advocate,1997-10-17,yes,1813
The Lost World: Jurassic Park,1997-05-23,yes,330
The Peacemaker,1997-09-26,yes,6623
Titanic,1997-12-18,yes,597
Turbulence,1997-01-09,yes,34314
Basquiat,1996-08-09,yes,549
Black Sheep,1996-02-02,yes,13997
Bottle Rocket,1996-02-21,yes,13685
Bound,1996-09-13,yes,9303
Curdled,1996-09-06,yes,12241
Daylight,1996-12-06,yes,11228
DragonHeart,1996-05-31,yes,8840
Escape from L.A.,1996-08-09,yes,10061
Fargo,1996-03-08,yes,275
Gamera 2: Attack of Legion,1996-07-12,yes,59480
Happy Gilmore,1996-02-16,yes,9614
Kingpin,1996-07-04,yes,11543
Lone Star,1996-06-21,yes,26748
Mission: Impossible,1996,yes,954
Primal Fear,1996-04-03,yes,1592
Scream,1996-12-20,yes,4232
Space Jam,1996-11-15,yes,2300
Star Trek: First Contact,1996-11-22,yes,199
The Phantom,1996-06-06,yes,9826
Things to Do in Denver,1996,no,
Trainspotting,1996-02-23,yes,627
Uncle Sam,1996-11-13,yes,9680
Babe,1995-07-18,yes,9598
Bad Boys,1995-04-07,yes,9737
Batman Forever,1995-06-16,yes,414
Billy Madison,1995-02-10,yes,11017
Braveheart,1995,yes,197
Casper,1995-05-26,yes,8839
Clueless,1995-07-19,yes,9603
Cutthroat Island,1995-12-22,yes,1408
Devil in a Blue Dress,1995-09-29,yes,8512
FEL 7.13 Mbps La Haine,1995,no,
Gamera: Guardian of the Universe,1995-03-11,yes,54433
Ghost in the Shell,1995,yes,9323
Hackers,1995-09-14,yes,10428
Halloween: The Curse of Michael Myers,1995-09-29,yes,10987
La Haine,1995,yes,406
Leaving Las Vegas,1995-10-27,yes,451
Murder in the First,1995-01-20,yes,8438
Outbreak,1995-03-10,yes,6950
Species,1995-07-07,yes,9348
Sudden Death,1995-10-27,yes,9091
Tank Girl,1995-03-31,yes,9067
The Usual Suspects,1995-07-19,yes,629
Things to Do in Denver When You're Dead,1995-12-01,yes,400
To Die For,1995-09-22,yes,577
Tommy Boy,1995-03-31,yes,11381
Village of the Damned,1995-04-28,yes,12122
Ace Ventura: Pet Detective,1994-02-04,yes,3049
Beverly Hills Cop III,1994-05-24,yes,306
Blown Away,1994-07-01,yes,178
Clear and Present Danger,1994,yes,9331
Forrest Gump,1994,yes,13
Little Women,1994-12-21,yes,9587
Léon: The Professional,1994-09-14,yes,101
Natural Born Killers,1994-08-26,yes,241
Nobody's Fool,1994-12-23,yes,11593
Pulp Fiction,1994-09-10,yes,680
Star Trek: Generations,1994-11-18,yes,193
"The Adventures of Priscilla, Queen of the Desert",1994-08-10,yes,2759
The Crow,1994-05-11,yes,9495
Three Colors: Red,1994-05-12,yes,110
Three Colors: White,1994-01-26,yes,109
Timecop,1994-09-15,yes,8831
True Lies,1994-07-15,yes,36955
A Bronx Tale,1993-10-01,yes,1607
Addams Family Values,1993-11-19,yes,2758
Arizona Dream,1993-01-06,yes,11044
Cliffhanger,1993,yes,9350
Coneheads,1993-07-23,yes,9612
Cronos,1993-11-05,yes,11655
Dazed and Confused,1993-09-24,yes,9571
Groundhog Day,1993-02-11,yes,137
Hard Target,1993-04-27,yes,2019
Indecent Proposal,1993-04-07,yes,4478
Jurassic Park,1993-06-11,yes,329
Leprechaun,1993-01-08,yes,11811
Little Buddha,1993-12-01,yes,1689
Matinee,1993-01-29,yes,25389
Menace II Society,1993-05-26,yes,9516
Needful Things,1993-08-27,yes,10657
Philadelphia,1993-12-22,yes,9800
Schindler's List,1993,yes,424
The Firm,1993-06-30,yes,37233
The Piano,1993-05-18,yes,713
Three Colors: Blue,1993-09-08,yes,108
Tombstone,1993-12-25,yes,11969
Wayne's World 2,1993-12-10,yes,8873
Army of Darkness,1992-10-31,yes,766
Bad Lieutenant,1992-11-20,yes,12143
Basic Instinct,1992-03-20,yes,402
Death Becomes Her,1992-07-30,yes,9374
Far and Away,1992-05-22,yes,11259
Hard Boiled,1992-04-16,yes,11782
Juice,1992-01-17,yes,16136
Malcolm X,1992-11-18,yes,1883
Malcom X,1992,no,
Maniac Cop 3: Badge of Silence,1992-12-10,yes,50687
Patriot Games,1992,yes,9869
Puppet Master III: Toulon's Revenge,1992-05-01,yes,26956
Reservoir Dogs,1992-09-02,yes,500
Sneakers,1992-09-09,yes,2322
Universal Soldier,1992,yes,9349
Wayne's World,1992-02-14,yes,8872
Bill & Ted's Bogus Journey,1991-07-19,yes,1649
Body Parts,1991-08-02,yes,32146
Career Opportunities,1991-03-29,yes,16270
Dead Again,1991-08-23,yes,11498
Delicatessen,1991-04-17,yes,892
Freddy's Dead: The Final Nightmare,1991-09-05,yes,11284
JFK,1991-12-20,yes,820
Jian yu feng yun II: Tao fan,1991,no,
K2,1991-10-10,yes,24734
Once a Thief,1991-02-02,yes,47423
One False Move,1991-10-12,yes,21128
Point Break,1991-07-12,yes,1089
Star Trek VI: The Undiscovered Country,1991-12-06,yes,174
Stone Cold,1991-05-17,yes,21338
The Addams Family,1991-11-22,yes,2907
The Doors,1991,yes,10537
The Double Life of Véronique,1991-05-15,yes,1600
The Fisher King,1991-09-20,yes,177
The People Under the Stairs,1991-11-01,yes,13122
The Silence of the Lambs,1991-02-14,yes,274
Thelma & Louise,1991-05-24,yes,1541
A Moment of Romance,1990-06-14,yes,81128
Air America,1990-08-10,yes,11856
Another 48 Hrs.,1990-06-08,yes,11595
Arbor Day,1990-12-22,yes,1120025
Back to the Future Part III,1990,yes,196
Bullet in the Head,1990-08-17,yes,11909
Cry-Baby,1990-04-06,yes,9768
Dark Angel,1990-01-26,yes,19384
Darkman,1990-08-24,yes,9556
Days of Thunder,1990,yes,2119
Edward Scissorhands,1990-12-07,yes,162
Ghost,1990-07-13,yes,251
Graveyard Shift,1990-10-26,yes,19158
House Party,1990-01-20,yes,16094
Internal Affairs,1990-01-12,yes,11060
Jacob's Ladder,1990-11-02,yes,2291
Kindergarten Cop,1990-12-21,yes,951
Maniac Cop 2,1990-07-18,yes,28090
Misery,1990-11-30,yes,1700
Night of the Living Dead,1990-10-19,yes,19185
Nightbreed,1990-02-16,yes,20481
Quigley Down Under,1990-10-17,yes,9588
RoboCop 2,1990-06-22,yes,5549
Swordsman,1990-04-05,yes,18860
Tales from the Darkside: The Movie,1990-05-03,yes,20701
The Exorcist III,1990-08-17,yes,11587
The Godfather Part III,1990-12-25,yes,242
The Grifters,1990-08-08,yes,18129
The Hunt for Red October,1990-03-02,yes,1669
Total Recall,1990,yes,861
Two Evil Eyes,1990-01-25,yes,29514
A Better Tomorrow III: Love and Death in Saigon,1989-10-20,yes,41244
Back to the Future Part II,1989,yes,165
Batman,1989-06-21,yes,268
Bill and ted excellent adventures,1989,no,
Born on the Fourth of July,1989-12-20,yes,2604
DeepStar Six,1989-01-13,yes,11607
For All Mankind,1989-11-01,yes,20423
Glory,1989-12-15,yes,9665
Halloween 5: The Revenge of Michael Myers,1989-10-12,yes,11361
Indiana Jones and the Last Crusade,1989-05-24,yes,89
Kickboxer,1989-04-20,yes,10222
Leviathan,1989-03-17,yes,14372
Lock Up,1989,yes,9972
Major League,1989-02-16,yes,9942
Pet Sematary,1989,yes,8913
Sea of Love,1989-09-15,yes,12150
Shocker,1989-03-23,yes,12521
Star Trek V: The Final Frontier,1989-06-09,yes,172
The Karate Kid Part III,1989-06-16,yes,10495
The Killer,1989-03-24,yes,10835
The Return of Swamp Thing,1989-05-11,yes,19142
UHF,1989-07-21,yes,11959
Uncle Buck,1989-08-16,yes,2616
Beetlejuice,1988-03-30,yes,4011
Coming to America,1988,yes,9602
Crossing Delancey,1988-08-17,yes,27397
Halloween 4: The Return of Michael Myers,1988-10-21,yes,11357
Killer Klowns from Outer Space,1988-05-27,yes,16296
Midnight Run,1988-07-20,yes,9013
Monkey Shines,1988-07-29,yes,29787
Night of the Demons,1988-10-14,yes,24924
Pumpkinhead,1988-06-09,yes,26515
Rain Man,1988-12-12,yes,380
Red Heat,1988,yes,9604
Scrooged,1988-11-22,yes,9647
The Adventures of Baron Munchausen,1988-12-07,yes,14506
The Big Blue,1988-02-13,yes,657524
The Big Heat,1988-09-22,yes,104259
The Great Outdoors,1988-06-17,yes,2617
The Naked Gun: From the Files of Police Squad!,1988-12-02,yes,37136
They Live,1988,yes,8337
Willow,1988-05-20,yes,847
Young Guns,1988-08-12,yes,11967
A Better Tomorrow II,1987-12-17,yes,18305
An Autumn's Tale,1987-07-16,yes,64015
Beverly Hills Cop II,1987-05-18,yes,96
Chau tin dik tung wa,1987,no,
Chou tin dik tong wah,1987,no,
Deathstalker II: Duel of the Titans,1987-06-03,yes,28218
Dirty Dancing,1987-08-21,yes,88
Evil Dead II,1987-03-13,yes,765
Fatal Attraction,1987-09-18,yes,10998
Gaam yuk fung wan,1987,no,
Ghoulies II,1987-07-31,yes,28605
No Way Out,1987-08-14,yes,10083
"Planes, Trains and Automobiles",1987-11-26,yes,2609
Prince of Darkness,1987,yes,8852
RoboCop,1987-07-17,yes,5548
Spaceballs,1987-06-24,yes,957
The Dead,1987-09-03,yes,39507
The Last Emperor,1987-10-04,yes,746
The Last Emperor Criterion Collection,1987,no,
The Monster Squad,1987-08-14,yes,13509
The Princess Bride,1987,yes,2493
The Running Man,1987-11-13,yes,865
The Stepfather,1987-01-23,yes,25155
The Untouchables,1987-06-03,yes,117
Throw Momma from the Train,1987-12-11,yes,11896
April Fool's Day,1986-03-27,yes,24913
Blue Velvet,1986-09-19,yes,793
Ferris Bueller's Day Off,1986-06-11,yes,9377
Fu Rong Zhen,1986,no,
Highlander,1986-03-07,yes,8009
"Jo Jo Dancer, Your Life Is Calling",1986-05-02,yes,63510
Kyabarê,1986,no,
Night of the Creeps,1986-08-21,yes,15762
Peking Opera Blues,1986-09-06,yes,39776
Platoon,1986-12-19,yes,792
Poltergeist II: The Other Side,1986-05-23,yes,11133
Pretty in Pink,1986-02-28,yes,11522
Raw Deal,1986-06-06,yes,2099
Salvador,1986-04-23,yes,6106
Star Trek IV: The Voyage Home,1986-11-26,yes,168
The Delta Force,1986-02-14,yes,16113
The Karate Kid Part II,1986-06-18,yes,8856
The Transformers: The Movie,1986-08-08,yes,1857
Top Gun,1986,yes,744
Ying hung boon sik,1986,no,
After Hours,1985-09-13,yes,10843
Back to the Future,1985,yes,105
Better Off Dead...,1985-08-23,yes,13667
Blood Simple,1985-01-18,yes,11368
Brazil,1985-02-20,yes,68
Clue,1985-12-13,yes,15196
Death Wish 3,1985-11-01,yes,24873
Ghoulies,1985-01-18,yes,18498
Kiss of the Spider Woman,1985-07-26,yes,11703
L E The Breakfast Club,1985,no,
Let Him Rest in Peace,1985-06-14,yes,226860
Lifeforce,1985-06-21,yes,11954
Out of Africa,1985-12-20,yes,606
Pale Rider,1985-06-28,yes,8879
Pee-wee's Big Adventure,1985-07-26,yes,5683
Ran,1985-06-01,yes,11645
Red Sonja,1985-04-09,yes,9626
Remo Williams: The Adventure Begins,1985-10-11,yes,10553
Runaway Train,1985-11-15,yes,11893
Silver Bullet,1985-10-10,yes,17898
Subway,1985-04-10,yes,10656
The Breakfast Club,1985-02-15,yes,2108
To Live and Die in L.A.,1985-11-01,yes,9846
Beverly Hills Cop,1984,yes,90
Children of the Corn,1984-03-09,yes,10823
Choose Me,1984-08-29,yes,42086
Footloose,1984-02-17,yes,1788
Gremlins,1984-06-08,yes,927
Indiana Jones and the Temple of Doom,1984-05-23,yes,87
Night of the Comet,1984-11-16,yes,18462
Ninja III: The Domination,1984-09-14,yes,28148
"Paris, Texas",1984-07-16,yes,655
Red Dawn,1984-08-10,yes,1880
Repo Man,1984-03-02,yes,13820
Star Trek III: The Search for Spock,1984-06-01,yes,157
Stop Making Sense,1984-10-19,yes,24128
Streets of Fire,1984-06-01,yes,14746
Talking heads - stop making sense from,1984,no,
The Karate Kid,1984-06-22,yes,1885
This Is Spinal Tap,1984-03-02,yes,11031
Top Secret!,1984-06-22,yes,8764
UFOria,1984-07-10,yes,6696
10 to Midnight,1983-03-11,yes,18587
A Christmas Story,1983-11-18,yes,850
Cujo,1983-08-10,yes,10489
Deathstalker,1983-09-02,yes,15895
Detective Story,1983-07-16,yes,292674
Flashdance,1983-04-14,yes,535
Jaws 3-D,1983-07-22,yes,17692
National Lampoon's Vacation,1983-07-29,yes,11153
Revenge of the Ninja,1983-09-07,yes,17386
Risky Business,1983-08-05,yes,9346
Secrets of the Heavenly Book,1983-01-01,yes,134575
Staying Alive,1983-07-11,yes,10805
Terms of Endearment,1983-11-20,yes,11050
The Dead Zone,1983-10-21,yes,11336
Trading Places,1983-06-07,yes,1621
Uncommon Valor,1983-01-22,yes,358165
48 Hrs.,1982-12-07,yes,150
Airplane II: The Sequel,1982-12-10,yes,2665
Blade Runner,1982-06-25,yes,78
Cat People,1982-04-02,yes,6217
Creepshow,1982-11-10,yes,16281
Forbidden World,1982-05-07,yes,42251
Gandhi,1982-12-01,yes,783
Halloween III: Season of the Witch,1982-10-22,yes,10676
Kaseki no kouya,1982,no,
Ninja Wars,1982-12-18,yes,52970
Shaolin Temple,1982-01-21,yes,10275
Star Trek II: The Wrath of Khan,1982-06-04,yes,154
Swamp Thing,1982-02-19,yes,17918
The Dark Crystal,1982-12-17,yes,11639
The Last Hero,1982-12-18,yes,547151
The Last Unicorn,1982-11-19,yes,10150
The New York Ripper,1982,yes,30874
The Sword and the Sorcerer,1982-04-01,yes,13945
Tron,1982-07-09,yes,97
Vigili e vigilesse,1982-03-18,yes,306529
An American Werewolf in London,1981-08-21,yes,814
Blow Out,1981-07-24,yes,11644
Dead & Buried,1981-05-29,yes,24274
Diva,1981-03-11,yes,4485
Dragonslayer,1981-06-26,yes,848
Enter the Ninja,1981-07-17,yes,17205
Escape from New York,1981,yes,1103
Friday the 13th Part 2,1981-05-01,yes,9725
Galaxy of Terror,1981-10-01,yes,28893
Halloween II,1981-10-30,yes,11281
Lion of the Desert,1981-04-17,yes,26843
My Bloody Valentine,1981-02-11,yes,39874
Raiders of the Lost Ark,1981-06-12,yes,85
Suddenly in the Dark,1981-07-17,yes,124310
The Boogens,1981-09-25,yes,33721
The Burning,1981-05-08,yes,24124
The Evil Dead,1981,yes,764
The Funhouse,1981-03-13,yes,13555
The House by the Cemetery,1981,yes,28794
The Howling,1981-01-21,yes,11298
Thief,1981-03-27,yes,11524
Time Bandits,1981-07-13,yes,36819
Venom,1981-11-28,yes,30789
Airplane!,1980-06-27,yes,813
Altered States,1980-12-25,yes,11542
Coal Miner's Daughter,1980-03-07,yes,16769
Dressed to Kill,1980-07-25,yes,11033
Friday the 13th,1980-05-09,yes,4488
L E Night of the Juggler,1980,no,
Maniac,1980,yes,27346
Motel Hell,1980-08-14,yes,30924
Night of the Juggler,1980-06-06,yes,44686
Somewhere in Time,1980-10-02,yes,16633
The Beast to Die,1980-10-04,yes,43964
The Final Countdown,1980-01-31,yes,8738
The Fog,1980,yes,790
Used Cars,1980-07-11,yes,14475
Xanadu,1980-08-08,yes,15668
Apocalypse Now,1979,yes,28
Caligula,1979-08-14,yes,9453
Escape from Alcatraz,1979-06-22,yes,10734
G.I. Samurai,1979-09-17,yes,73990
Love on the Run,1979-01-24,yes,259
Mad Max,1979,yes,9659
Meatballs,1979-06-28,yes,14035
North Dallas Forty,1979-08-03,yes,29786
Prophecy,1979-09-14,yes,31915
Star Trek: The Motion Picture,1979-12-07,yes,152
Yomigaeru kinrô,1979,no,
Zombie Flesh Eaters,1979-08-25,yes,7219
Days of Heaven,1978-09-13,yes,16642
Foul Play,1978-07-14,yes,15659
Grease,1978,yes,621
Halloween,1978-10-24,yes,948
Never Give Up,1978-10-07,yes,26868
Piranha,1978-08-03,yes,24831
Revenge of the Pink Panther,1978-01-08,yes,6081
The Deer Hunter,1978,yes,11778
The Last Waltz,1978-04-26,yes,13963
The Toolbox Murders,1978-03-03,yes,27495
The Wiz,1978-10-24,yes,24961
Last Cannibal World,1977-02-08,yes,30876
Orca,1977-07-22,yes,12707
Proof of the Man,1977-10-08,yes,287765
Rabid,1977-04-08,yes,29437
Rolling Thunder,1977-11-02,yes,21948
Saturday Night Fever,1977-12-16,yes,11009
Sorcerer,1977-06-24,yes,38985
Carrie,1976-11-03,yes,7340
God Told Me To,1976-10-22,yes,31579
King Kong,1976-09-08,yes,10730
Manhunt,1976-02-11,yes,69846
Marathon Man,1976-10-08,yes,10518
The Message,1976-03-09,yes,26842
The Pink Panther Strikes Again,1976-09-16,yes,12268
Barry Lyndon,1975-12-18,yes,3175
Jaws,1975,yes,578
Night Moves,1975-06-11,yes,32042
Rollerball,1975-06-25,yes,11484
The Eiger Sanction,1975-05-21,yes,20187
The Rocky Horror Picture Show,1975-08-14,yes,36685
Three Days of the Condor,1975,yes,11963
Tommy,1975-03-19,yes,11326
Black Christmas,1974-10-11,yes,16938
Chinatown,1974-06-20,yes,829
Dark Star,1974-03-30,yes,1410
Dead of Night,1974-08-29,yes,38996
Death Wish,1974-07-24,yes,13939
Murder on the Orient Express,1974-11-22,yes,4176
The Godfather Part II,1974-12-20,yes,240
The Longest Yard,1974-08-21,yes,4985
The Sugarland Express,1974-03-31,yes,5121
The Taking of Pelham One Two Three,1974-10-02,yes,8333
Thunderbolt and Lightfoot,1974-05-23,yes,8348
High Crime,1973-08-12,yes,87362
High Plains Drifter,1973-04-19,yes,11901
Ludwig,1973-03-07,yes,3478
Mean Streets,1973-10-14,yes,203
Paper Moon,1973-05-09,yes,11293
Pat Garrett & Billy the Kid,1973-05-23,yes,11577
Pat Garrett and Billy the Kid 50th Anniversary Cut,1973,no,
Serpico,1973,yes,9040
The Last Detail,1973-12-11,yes,14886
The Magnificent One,1973-11-23,yes,19562
The Three Musketeers,1973-12-11,yes,2926
"Aguirre, the Wrath of God",1972-12-29,yes,2000
Death Line,1972-10-13,yes,3581
Prime Cut,1972-06-01,yes,27292
The Godfather,1972-03-14,yes,238
The Mechanic,1972-10-06,yes,19403
Daughters of Darkness,1971,yes,46175
Der Hauptmann,1971-02-11,yes,508015
Dirty Harry,1971-12-23,yes,984
Duel,1971-11-13,yes,839
Goodbye Uncle Tom,1971-09-23,yes,48691
Play Misty for Me,1971-10-01,yes,15393
Shadow Girl,1971-09-10,yes,187050
Shaft,1971-06-23,yes,482
The Last Picture Show,1971-10-03,yes,25188
Walkabout,1971-07-01,yes,36040
Bed and Board,1970-09-09,yes,258
Catch-22,1970-06-24,yes,10364
Eugenie,1970-02-20,yes,87503
Le Cercle Rouge,1970-10-19,yes,11657
Performance,1970-08-03,yes,26606
Quiet Days in Clichy,1970-06-01,yes,62759
Scars of Dracula,1970-11-08,yes,34479
Two Mules for Sister Sara,1970-03-02,yes,11916
Army of Shadows,1969-09-10,yes,15383
Marquis de Sade: Justine,1969-04-03,yes,72309
Midnight Cowboy,1969-05-25,yes,3116
Paint Your Wagon,1969-10-15,yes,20391
The Castle of Fu Manchu,1969-05-29,yes,3485
The Girl from Rio,1969-03-14,yes,42620
The Italian Job,1969-06-02,yes,10536
The Swimming Pool,1969-01-31,yes,4946
Funny Girl,1968-09-19,yes,16085
Oliver!,1968-09-26,yes,17917
Once Upon a Time in the West,1968-12-21,yes,335
Rosemary's Baby,1968-06-12,yes,805
Stolen Kisses,1968-09-04,yes,255
Long men ke zhen,1967,no,
The Million Eyes of Sumuru,1967-05-05,yes,37960
Alphaville,1965-05-05,yes,8072
The Sound of Music,1965-03-29,yes,15121
A Hard Day's Night,1964-07-07,yes,704
A Shot in the Dark,1964-06-23,yes,1594
Le Gendarme de Saint-Tropez,1964-09-08,yes,4727
My Fair Lady,1964-12-01,yes,11113
The Train,1964-09-24,yes,3482
Two Stage Sisters,1964-02-07,yes,154633
Contempt,1963-10-29,yes,266
Donovan's Reef,1963-06-12,yes,15875
The Nutty Professor,1963-06-04,yes,18331
The Pink Panther,1963-12-18,yes,936
Antoine and Colette,1962-06-22,yes,256
Hatari!,1962-06-19,yes,11385
The Man Who Shot Liberty Valance,1962-04-13,yes,11697
The Manchurian Candidate,1962-10-24,yes,982
The Trial,1962-08-25,yes,3009
Breathless,1960-03-16,yes,269
Comanche Station,1960-01-31,yes,1673
Spartacus,1960,yes,967
The Apartment,1960-06-21,yes,284
The Magnificent Seven,1960-10-12,yes,966
Ride Lonesome,1959-02-01,yes,27644
Some Like It Hot,1959-03-19,yes,239
The 400 Blows,1959-06-03,yes,147
Buchanan Rides Alone,1958-08-01,yes,43114
Touch of Evil,1958-03-30,yes,1480
12 Angry Men,1957-04-10,yes,389
3:10 to Yuma,1957-08-07,yes,14168
Decision at Sundown,1957-11-10,yes,39557
Gunfight at the O.K. Corral,1957-05-30,yes,22201
The Tall T,1957-04-02,yes,43253
Giant,1956-11-08,yes,1712
Invasion of the Body Snatchers,1956-02-05,yes,11549
The Killing,1956-06-06,yes,247
The Night of the Hunter,1955-07-26,yes,3112
To Catch a Thief,1955-08-03,yes,381
Sabrina,1954-09-01,yes,6620
White Christmas,1954-10-14,yes,13368
Abbott and Costello Meet Dr. Jekyll and Mr. Hyde,1953-08-01,yes,3023
Fear and Desire,1953-03-31,yes,10165
Roman Holiday,1953-08-26,yes,804
Stalag 17,1953-05-29,yes,632
The Big Heat,1953-10-14,yes,14580
The War of the Worlds,1953-04-03,yes,8974
High Noon,1952-06-09,yes,288
Singin' in the Rain,1952-04-10,yes,872
Alice in Wonderland,1951-08-09,yes,12092
Bud Abbott and Lou Costello Meet the Invisible Man,1951-03-14,yes,33475
L E Alice in Wonderland,1951,no,
Harvey,1950-12-04,yes,11787
Sands of Iwo Jima,1950-01-01,yes,18712
Sunset Boulevard,1950-08-10,yes,599
The Red Shoes,1948-09-06,yes,19542
It's a Wonderful Life,1946,yes,1585
Scarlet Street,1945-12-25,yes,17058
Double Indemnity,1944-07-06,yes,996
Citizen Kane,1941-04-17,yes,15
Hold That Ghost,1941-08-07,yes,14604
His Girl Friday,1940-01-18,yes,3085
The Roaring Twenties,1939-10-28,yes,37698
Port of Shadows,1938-05-17,yes,46326
10 Cloverfield Lane,2016,yes,333371
13 Hours: The Secret Soldiers of Benghazi,2016,yes,300671
1917,2019,yes,530915
American Assassin,2017,yes,415842
American Psycho,2000,yes,1359
Angel Has Fallen,2019,yes,423204
Anna,2019,yes,484641
Annihilation,2018,yes,300668
Antebellum,2020,yes,627290
Apocalypse Now,1979,yes,28
Atomic Blonde,2017,yes,341013
Back to the Future,1985,yes,105
Back to the Future Part II,1989,yes,165
Back to the Future Part III,1990,yes,196
Beverly Hills Cop,1984,yes,90
Black Panther,2018,yes,284054
BlacKkKlansman,2018,yes,487558
Braveheart,1995,yes,197
Bumblebee,2018,yes,424783
The Cabin in the Woods,2012,yes,22970
Clear and Present Danger,1994,yes,9331
Cliffhanger,1993,yes,9350
Cloverfield,2008,yes,7191
Cold Pursuit,2019,yes,438650
Collateral,2004,yes,1538
Coming to America,1988,yes,9602
Crank,2006,yes,1948
The Croods: A New Age,2020,yes,529203
Daddy's Home,2015,yes,274167
Daddy's Home 2,2017,yes,419680
Daughters of Darkness,1971,yes,46175
Daybreakers,2010-01-06,yes,19901
Days of Thunder,1990,yes,2119
Death Wish,2018-03-01,yes,395990
The Deer Hunter,1978,yes,11778
Despicable Me,2010,yes,20352
Despicable Me 2,2013,yes,93456
Despicable Me 3,2017,yes,324852
Dirty Grandpa,2016,yes,291870
Dolittle,2020,yes,448119
The Doors,1991,yes,10537
Downsizing,2017,yes,301337
Dr. Seuss' The Grinch,2018-11-08,yes,360920
Dredd,2012,yes,49049
Early Man,2018,yes,387592
Earth: One Amazing Day,2017,yes,464593
Escape from New York,1981,yes,1103
Escape Plan,2013,yes,107846
The Evil Dead,1981,yes,764
Evil Dead 2,1987-03-13,yes,765
Fast & Furious Presents: Hobbs & Shaw,2019,yes,384018
The Fate of the Furious,2017,yes,337339
First Man,2018,yes,369972
The Fog,1980,yes,790
Forrest Gump,1994,yes,13
G.I. Joe: Retaliation,2013,yes,72559
G.I. Joe: The Rise of Cobra,2009,yes,14869
Game of Thrones: The Complete First Season,2011,no,
Game of Thrones: The Complete Eighth Season,2019,no,
Ghost in the Shell,1995,yes,9323
Gladiator,2000,yes,98
Grease,1978,yes,621
La Haine,1995,yes,406
Hannibal,2001,yes,9740
Hansel & Gretel: Witch Hunters,2013,yes,60304
Hell Fest,2018,yes,429476
Hell or High Water,2016,yes,338766
Hellboy,2019-04-10,yes,456740
Hellboy Animated,2007-06-12,yes,154207
Hereditary,2018,yes,493922
Higher Power,2018,yes,513324
The Hitman's Bodyguard,2017,yes,390043
The House by the Cemetery,1981,yes,28794
Hunter Killer,2018,yes,399402
The Incredible Hulk,2008,yes,1724
The Invisible Man,2020,yes,570670
Iron Man,2008,yes,1726
It's a Wonderful Life,1946,yes,1585
Jack Reacher,2012,yes,75780
Jack Ryan: Shadow Recruit,2014,yes,137094
Jaws,1975,yes,578
Jigsaw,2017,yes,298250
John Wick: Chapter 3 - Parabellum,2019,yes,458156
Jurassic World: Fallen Kingdom,2018,yes,351286
Kick-Ass,2010,yes,23483
Kin,2018,yes,425505
Knives Out,2019,yes,546554
Knowing,2009,yes,13811
Lara Croft: Tomb Raider,2001,yes,1995
Lara Croft: Tomb Raider: The Cradle of Life,2003,yes,1996
Law Abiding Citizen,2009,yes,22803
The Limey,1999,yes,10388
Lock Up,1989,yes,9972
London Has Fallen,2016,yes,267860
Lord of War,2005,yes,1830
Love and Monsters,2020,yes,590223
Mad Max,1979,yes,9659
Mamma Mia! Here We Go Again,2018,yes,458423
Man on a Ledge,2012,yes,49527
Maniac,1980,yes,27346
Mary Queen of Scots,2018,yes,457136
Midsommar,2019,yes,530385
Midway,2019,yes,522162
Mission: Impossible,1996,yes,954
Mission: Impossible - Fallout,2018,yes,353081
Mission: Impossible - Ghost Protocol,2011,yes,56292
Mission: Impossible - Rogue Nation,2015,yes,177677
Mission: Impossible II,2000,yes,955
Mission: Impossible III,2006,yes,956
Mortal Engines,2018,yes,428078
mother!,2017,yes,381283
National Lampoon's Van Wilder,2002,yes,11452
The New York Ripper,1982,yes,30874
Olympus Has Fallen,2013,yes,117263
Only the Brave (No Way Out),2017-09-22,yes,395991
Overlord,2018,yes,438799
Pacific Rim: Uprising,2018,yes,268896
Paddington 2,2017-11-09,yes,346648
Parasite,2019,yes,496243
Patriot Games,1992,yes,9869
Pet Sematary,1989,yes,8913
Pet Sematary,2019-04-04,yes,157433
Power Rangers,2017,yes,305470
Prince of Darkness,1987,yes,8852
The Princess Bride,1987,yes,2493
The Punisher,2004,yes,7220
Punisher: War Zone,2008,yes,13056
Push,2009,yes,13455
A Quiet Place,2018,yes,447332
Rambo,2008,yes,7555
Rambo: Last Blood,2019,yes,522938
RED,2010,yes,39514
RED 2,2013,yes,146216
Red Heat,1988,yes,9604
Requiem for a Dream,2000,yes,641
Rocketman,2019,yes,504608
Saving Private Ryan,1998,yes,857
Scary Stories to Tell in the Dark,2019,yes,417384
Schindler's List,1993,yes,424
The Secret Life of Pets 2,2019,yes,412117
Serpico,1973,yes,9040
A Shaun the Sheep Movie: Farmageddon,2019,yes,422803
Shutter Island,2010,yes,11324
Sicario 2 (Sicario: Day of the Soldado),2018-06-27,yes,400535
A Simple Favor,2018,yes,484247
Skyscraper,2018,yes,447200
Sonic the Hedgehog,2020,yes,454626
Source Code,2011,yes,45612
Spartacus,1960,yes,967
The Spy Who Dumped Me,2018,yes,454992
The Sum of All Fears,2002,yes,4614
Teenage Mutant Ninja Turtles,2014,yes,98566
Terminator: Dark Fate,2019,yes,290859
Terminator: Genisys,2015,yes,87101
They Live,1988,yes,8337
Three Days of the Condor,1975,yes,11963
Top Gun,1986,yes,744
Total Recall,1990,yes,861
Transformers,2007,yes,1858
Transformers: Age of Extinction,2014,yes,91314
Transformers: Dark of the Moon,2011,yes,38356
Transformers: The Last Knight,2017,yes,335988
Transformers: Revenge of the Fallen,2009,yes,8373
Transporter 3,2008,yes,13387
Trolls World Tour,2020,yes,446893
Twilight,2008,yes,8966
Uncle Drew,2018,yes,474335
Unhinged,2020,yes,625568
Universal Soldier,1992,yes,9349
Us,2019,yes,458723
Valerian and the City of a Thousand Planets,2017,yes,339964
Vigilante,1982-03-18,yes,306529
War of the Worlds,2005,yes,74
Warm Bodies,2013,yes,82654
Watchmen,2009,yes,13183
Weathering with You,2019,yes,568160
The Witch,2015,yes,526667
Wonder,2017,yes,406997
Zombie,1979-08-25,yes,7219
